"schema_name","table_name","index_name","index_definition"
"archive","barcode_scan_events","barcode_scan_events_pkey","CREATE UNIQUE INDEX barcode_scan_events_pkey ON archive.barcode_scan_events USING btree (id)"
"archive","barcode_scan_events","idx_archive_scan_events_action_type","CREATE INDEX idx_archive_scan_events_action_type ON archive.barcode_scan_events USING btree (action_type)"
"archive","barcode_scan_events","idx_archive_scan_events_archived_at","CREATE INDEX idx_archive_scan_events_archived_at ON archive.barcode_scan_events USING btree (archived_at)"
"archive","barcode_scan_events","idx_archive_scan_events_batch_id","CREATE INDEX idx_archive_scan_events_batch_id ON archive.barcode_scan_events USING btree (batch_id)"
"archive","barcode_scan_events","idx_archive_scan_events_scanned_at","CREATE INDEX idx_archive_scan_events_scanned_at ON archive.barcode_scan_events USING btree (scanned_at)"
"archive","batches","batches_pkey","CREATE UNIQUE INDEX batches_pkey ON archive.batches USING btree (id)"
"archive","batches","idx_archive_batches_archived_at","CREATE INDEX idx_archive_batches_archived_at ON archive.batches USING btree (archived_at)"
"archive","batches","idx_archive_batches_barcode","CREATE INDEX idx_archive_batches_barcode ON archive.batches USING btree (barcode)"
"archive","batches","idx_archive_batches_batch_id","CREATE INDEX idx_archive_batches_batch_id ON archive.batches USING btree (batch_id)"
"archive","batches","idx_archive_batches_color_size","CREATE INDEX idx_archive_batches_color_size ON archive.batches USING btree (color_id, size_id)"
"archive","batches","idx_archive_batches_job_order_id","CREATE INDEX idx_archive_batches_job_order_id ON archive.batches USING btree (job_order_id)"
"archive","job_order_items","idx_archive_job_order_items_archived_at","CREATE INDEX idx_archive_job_order_items_archived_at ON archive.job_order_items USING btree (archived_at)"
"archive","job_order_items","idx_archive_job_order_items_color_size","CREATE INDEX idx_archive_job_order_items_color_size ON archive.job_order_items USING btree (color_id, size_id)"
"archive","job_order_items","idx_archive_job_order_items_item_id","CREATE INDEX idx_archive_job_order_items_item_id ON archive.job_order_items USING btree (item_id)"
"archive","job_order_items","idx_archive_job_order_items_job_order_id","CREATE INDEX idx_archive_job_order_items_job_order_id ON archive.job_order_items USING btree (job_order_id)"
"archive","job_order_items","job_order_items_pkey","CREATE UNIQUE INDEX job_order_items_pkey ON archive.job_order_items USING btree (id)"
"archive","job_order_items_summary","idx_archive_job_order_items_summary_archived_at","CREATE INDEX idx_archive_job_order_items_summary_archived_at ON archive.job_order_items_summary USING btree (archived_at)"
"archive","job_order_items_summary","idx_archive_job_order_items_summary_color_size","CREATE INDEX idx_archive_job_order_items_summary_color_size ON archive.job_order_items_summary USING btree (color_id, size_id)"
"archive","job_order_items_summary","idx_archive_job_order_items_summary_job_order_id","CREATE INDEX idx_archive_job_order_items_summary_job_order_id ON archive.job_order_items_summary USING btree (job_order_id)"
"archive","job_order_items_summary","job_order_items_summary_pkey","CREATE UNIQUE INDEX job_order_items_summary_pkey ON archive.job_order_items_summary USING btree (item_id)"
"archive","job_order_materials","idx_archive_job_order_materials_archived_at","CREATE INDEX idx_archive_job_order_materials_archived_at ON archive.job_order_materials USING btree (archived_at)"
"archive","job_order_materials","idx_archive_job_order_materials_job_order_id","CREATE INDEX idx_archive_job_order_materials_job_order_id ON archive.job_order_materials USING btree (job_order_id)"
"archive","job_order_materials","idx_archive_job_order_materials_material_id","CREATE INDEX idx_archive_job_order_materials_material_id ON archive.job_order_materials USING btree (material_id)"
"archive","job_order_materials","job_order_materials_pkey","CREATE UNIQUE INDEX job_order_materials_pkey ON archive.job_order_materials USING btree (id)"
"archive","job_order_prints","idx_archive_job_order_prints_archived_at","CREATE INDEX idx_archive_job_order_prints_archived_at ON archive.job_order_prints USING btree (archived_at)"
"archive","job_order_prints","job_order_prints_pkey","CREATE UNIQUE INDEX job_order_prints_pkey ON archive.job_order_prints USING btree (job_order_id)"
"archive","job_orders","idx_archive_job_orders_archived_at","CREATE INDEX idx_archive_job_orders_archived_at ON archive.job_orders USING btree (archived_at)"
"archive","job_orders","idx_archive_job_orders_client_id","CREATE INDEX idx_archive_job_orders_client_id ON archive.job_orders USING btree (client_id)"
"archive","job_orders","idx_archive_job_orders_job_order_id","CREATE INDEX idx_archive_job_orders_job_order_id ON archive.job_orders USING btree (job_order_id)"
"archive","job_orders","idx_archive_job_orders_model_id","CREATE INDEX idx_archive_job_orders_model_id ON archive.job_orders USING btree (model_id)"
"archive","job_orders","idx_archive_job_orders_order_number","CREATE INDEX idx_archive_job_orders_order_number ON archive.job_orders USING btree (order_number)"
"archive","job_orders","job_orders_pkey","CREATE UNIQUE INDEX job_orders_pkey ON archive.job_orders USING btree (id)"
"archive","job_orders_summary","idx_archive_job_orders_summary_archived_at","CREATE INDEX idx_archive_job_orders_summary_archived_at ON archive.job_orders_summary USING btree (archived_at)"
"archive","job_orders_summary","job_orders_summary_pkey","CREATE UNIQUE INDEX job_orders_summary_pkey ON archive.job_orders_summary USING btree (job_order_id)"
"core","clients","clients_name_key","CREATE UNIQUE INDEX clients_name_key ON core.clients USING btree (name)"
"core","clients","clients_pkey","CREATE UNIQUE INDEX clients_pkey ON core.clients USING btree (id)"
"core","colors","colors_name_key","CREATE UNIQUE INDEX colors_name_key ON core.colors USING btree (name)"
"core","colors","colors_pkey","CREATE UNIQUE INDEX colors_pkey ON core.colors USING btree (id)"
"core","job_order_items","idx_job_order_items_color_size","CREATE INDEX idx_job_order_items_color_size ON core.job_order_items USING btree (color_id, size_id)"
"core","job_order_items","job_order_color_size_unique","CREATE UNIQUE INDEX job_order_color_size_unique ON core.job_order_items USING btree (job_order_id, color_id, size_id)"
"core","job_order_items","job_order_items_pkey","CREATE UNIQUE INDEX job_order_items_pkey ON core.job_order_items USING btree (id)"
"core","job_order_materials","idx_job_order_materials_color","CREATE INDEX idx_job_order_materials_color ON core.job_order_materials USING btree (color_id)"
"core","job_order_materials","idx_job_order_materials_job_order","CREATE INDEX idx_job_order_materials_job_order ON core.job_order_materials USING btree (job_order_id)"
"core","job_order_materials","idx_job_order_materials_material","CREATE INDEX idx_job_order_materials_material ON core.job_order_materials USING btree (material_id)"
"core","job_order_materials","job_order_materials_job_order_id_material_id_color_id_key","CREATE UNIQUE INDEX job_order_materials_job_order_id_material_id_color_id_key ON core.job_order_materials USING btree (job_order_id, material_id, color_id)"
"core","job_order_materials","job_order_materials_pkey","CREATE UNIQUE INDEX job_order_materials_pkey ON core.job_order_materials USING btree (id)"
"core","job_orders","idx_job_orders_image_url","CREATE INDEX idx_job_orders_image_url ON core.job_orders USING btree (image_url) WHERE (image_url IS NOT NULL)"
"core","job_orders","idx_job_orders_model_id","CREATE INDEX idx_job_orders_model_id ON core.job_orders USING btree (model_id)"
"core","job_orders","idx_job_orders_notes_gin","CREATE INDEX idx_job_orders_notes_gin ON core.job_orders USING gin (to_tsvector('english'::regconfig, notes)) WHERE ((notes IS NOT NULL) AND (notes <> ''::text))"
"core","job_orders","idx_job_orders_print_config_gin","CREATE INDEX idx_job_orders_print_config_gin ON core.job_orders USING gin (print_config)"
"core","job_orders","job_orders_order_number_key","CREATE UNIQUE INDEX job_orders_order_number_key ON core.job_orders USING btree (order_number)"
"core","job_orders","job_orders_pkey","CREATE UNIQUE INDEX job_orders_pkey ON core.job_orders USING btree (id)"
"core","materials","idx_materials_name_trgm","CREATE INDEX idx_materials_name_trgm ON core.materials USING gin (name gin_trgm_ops)"
"core","materials","materials_name_key","CREATE UNIQUE INDEX materials_name_key ON core.materials USING btree (name)"
"core","materials","materials_pkey","CREATE UNIQUE INDEX materials_pkey ON core.materials USING btree (id)"
"core","models","models_name_key","CREATE UNIQUE INDEX models_name_key ON core.models USING btree (name)"
"core","models","models_pkey","CREATE UNIQUE INDEX models_pkey ON core.models USING btree (id)"
"core","sizes","sizes_pkey","CREATE UNIQUE INDEX sizes_pkey ON core.sizes USING btree (id)"
"core","sizes","sizes_value_key","CREATE UNIQUE INDEX sizes_value_key ON core.sizes USING btree (value)"
"core","systems","systems_name_key","CREATE UNIQUE INDEX systems_name_key ON core.systems USING btree (name)"
"core","systems","systems_pkey","CREATE UNIQUE INDEX systems_pkey ON core.systems USING btree (id)"
"core","user_roles","user_roles_pkey","CREATE UNIQUE INDEX user_roles_pkey ON core.user_roles USING btree (id)"
"core","user_roles","user_roles_user_id_system_id_key","CREATE UNIQUE INDEX user_roles_user_id_system_id_key ON core.user_roles USING btree (user_id, system_id)"
"core","users","users_pkey","CREATE UNIQUE INDEX users_pkey ON core.users USING btree (id)"
"core","users","users_username_key","CREATE UNIQUE INDEX users_username_key ON core.users USING btree (username)"
"ops","barcode_scan_events","barcode_scan_events_pkey","CREATE UNIQUE INDEX barcode_scan_events_pkey ON ops.barcode_scan_events USING btree (id)"
"ops","barcode_scan_events","idx_scan_events_action","CREATE INDEX idx_scan_events_action ON ops.barcode_scan_events USING btree (action_type)"
"ops","barcode_scan_events","idx_scan_events_batch","CREATE INDEX idx_scan_events_batch ON ops.barcode_scan_events USING btree (batch_id)"
"ops","barcode_scan_events","idx_scan_events_batch_action","CREATE INDEX idx_scan_events_batch_action ON ops.barcode_scan_events USING btree (batch_id, action_type, scanned_at)"
"ops","barcode_scan_events","idx_scan_events_phase_time","CREATE INDEX idx_scan_events_phase_time ON ops.barcode_scan_events USING btree (phase_id, scanned_at)"
"ops","barcode_scan_events","idx_scan_events_scanned_at","CREATE INDEX idx_scan_events_scanned_at ON ops.barcode_scan_events USING btree (scanned_at)"
"ops","barcode_scan_events","idx_scan_events_user_time","CREATE INDEX idx_scan_events_user_time ON ops.barcode_scan_events USING btree (user_id, scanned_at)"
"ops","batches","batches_barcode_key","CREATE UNIQUE INDEX batches_barcode_key ON ops.batches USING btree (barcode)"
"ops","batches","batches_pkey","CREATE UNIQUE INDEX batches_pkey ON ops.batches USING btree (id)"
"ops","batches","idx_batches_barcode","CREATE INDEX idx_batches_barcode ON ops.batches USING btree (barcode)"
"ops","batches","idx_batches_barcode_trgm","CREATE INDEX idx_batches_barcode_trgm ON ops.batches USING gin (barcode gin_trgm_ops)"
"ops","batches","idx_batches_color_size","CREATE INDEX idx_batches_color_size ON ops.batches USING btree (color_id, size_id)"
"ops","batches","idx_batches_job_order","CREATE INDEX idx_batches_job_order ON ops.batches USING btree (job_order_id)"
"ops","batches","idx_batches_status_phase","CREATE INDEX idx_batches_status_phase ON ops.batches USING btree (status, current_phase)"
"ops","batches","idx_batches_updated_at","CREATE INDEX idx_batches_updated_at ON ops.batches USING btree (last_updated)"
"ops","production_phases","production_phases_name_key","CREATE UNIQUE INDEX production_phases_name_key ON ops.production_phases USING btree (name)"
"ops","production_phases","production_phases_pkey","CREATE UNIQUE INDEX production_phases_pkey ON ops.production_phases USING btree (id)"
"pg_catalog","pg_aggregate","pg_aggregate_fnoid_index","CREATE UNIQUE INDEX pg_aggregate_fnoid_index ON pg_catalog.pg_aggregate USING btree (aggfnoid)"
"pg_catalog","pg_am","pg_am_name_index","CREATE UNIQUE INDEX pg_am_name_index ON pg_catalog.pg_am USING btree (amname)"
"pg_catalog","pg_am","pg_am_oid_index","CREATE UNIQUE INDEX pg_am_oid_index ON pg_catalog.pg_am USING btree (oid)"
"pg_catalog","pg_amop","pg_amop_fam_strat_index","CREATE UNIQUE INDEX pg_amop_fam_strat_index ON pg_catalog.pg_amop USING btree (amopfamily, amoplefttype, amoprighttype, amopstrategy)"
"pg_catalog","pg_amop","pg_amop_oid_index","CREATE UNIQUE INDEX pg_amop_oid_index ON pg_catalog.pg_amop USING btree (oid)"
"pg_catalog","pg_amop","pg_amop_opr_fam_index","CREATE UNIQUE INDEX pg_amop_opr_fam_index ON pg_catalog.pg_amop USING btree (amopopr, amoppurpose, amopfamily)"
"pg_catalog","pg_amproc","pg_amproc_fam_proc_index","CREATE UNIQUE INDEX pg_amproc_fam_proc_index ON pg_catalog.pg_amproc USING btree (amprocfamily, amproclefttype, amprocrighttype, amprocnum)"
"pg_catalog","pg_amproc","pg_amproc_oid_index","CREATE UNIQUE INDEX pg_amproc_oid_index ON pg_catalog.pg_amproc USING btree (oid)"
"pg_catalog","pg_attrdef","pg_attrdef_adrelid_adnum_index","CREATE UNIQUE INDEX pg_attrdef_adrelid_adnum_index ON pg_catalog.pg_attrdef USING btree (adrelid, adnum)"
"pg_catalog","pg_attrdef","pg_attrdef_oid_index","CREATE UNIQUE INDEX pg_attrdef_oid_index ON pg_catalog.pg_attrdef USING btree (oid)"
"pg_catalog","pg_attribute","pg_attribute_relid_attnam_index","CREATE UNIQUE INDEX pg_attribute_relid_attnam_index ON pg_catalog.pg_attribute USING btree (attrelid, attname)"
"pg_catalog","pg_attribute","pg_attribute_relid_attnum_index","CREATE UNIQUE INDEX pg_attribute_relid_attnum_index ON pg_catalog.pg_attribute USING btree (attrelid, attnum)"
"pg_catalog","pg_auth_members","pg_auth_members_grantor_index","CREATE INDEX pg_auth_members_grantor_index ON pg_catalog.pg_auth_members USING btree (grantor)"
"pg_catalog","pg_auth_members","pg_auth_members_member_role_index","CREATE UNIQUE INDEX pg_auth_members_member_role_index ON pg_catalog.pg_auth_members USING btree (member, roleid, grantor)"
"pg_catalog","pg_auth_members","pg_auth_members_oid_index","CREATE UNIQUE INDEX pg_auth_members_oid_index ON pg_catalog.pg_auth_members USING btree (oid)"
"pg_catalog","pg_auth_members","pg_auth_members_role_member_index","CREATE UNIQUE INDEX pg_auth_members_role_member_index ON pg_catalog.pg_auth_members USING btree (roleid, member, grantor)"
"pg_catalog","pg_authid","pg_authid_oid_index","CREATE UNIQUE INDEX pg_authid_oid_index ON pg_catalog.pg_authid USING btree (oid)"
"pg_catalog","pg_authid","pg_authid_rolname_index","CREATE UNIQUE INDEX pg_authid_rolname_index ON pg_catalog.pg_authid USING btree (rolname)"
"pg_catalog","pg_cast","pg_cast_oid_index","CREATE UNIQUE INDEX pg_cast_oid_index ON pg_catalog.pg_cast USING btree (oid)"
"pg_catalog","pg_cast","pg_cast_source_target_index","CREATE UNIQUE INDEX pg_cast_source_target_index ON pg_catalog.pg_cast USING btree (castsource, casttarget)"
"pg_catalog","pg_class","pg_class_oid_index","CREATE UNIQUE INDEX pg_class_oid_index ON pg_catalog.pg_class USING btree (oid)"
"pg_catalog","pg_class","pg_class_relname_nsp_index","CREATE UNIQUE INDEX pg_class_relname_nsp_index ON pg_catalog.pg_class USING btree (relname, relnamespace)"
"pg_catalog","pg_class","pg_class_tblspc_relfilenode_index","CREATE INDEX pg_class_tblspc_relfilenode_index ON pg_catalog.pg_class USING btree (reltablespace, relfilenode)"
"pg_catalog","pg_collation","pg_collation_name_enc_nsp_index","CREATE UNIQUE INDEX pg_collation_name_enc_nsp_index ON pg_catalog.pg_collation USING btree (collname, collencoding, collnamespace)"
"pg_catalog","pg_collation","pg_collation_oid_index","CREATE UNIQUE INDEX pg_collation_oid_index ON pg_catalog.pg_collation USING btree (oid)"
"pg_catalog","pg_constraint","pg_constraint_conname_nsp_index","CREATE INDEX pg_constraint_conname_nsp_index ON pg_catalog.pg_constraint USING btree (conname, connamespace)"
"pg_catalog","pg_constraint","pg_constraint_conparentid_index","CREATE INDEX pg_constraint_conparentid_index ON pg_catalog.pg_constraint USING btree (conparentid)"
"pg_catalog","pg_constraint","pg_constraint_conrelid_contypid_conname_index","CREATE UNIQUE INDEX pg_constraint_conrelid_contypid_conname_index ON pg_catalog.pg_constraint USING btree (conrelid, contypid, conname)"
"pg_catalog","pg_constraint","pg_constraint_contypid_index","CREATE INDEX pg_constraint_contypid_index ON pg_catalog.pg_constraint USING btree (contypid)"
"pg_catalog","pg_constraint","pg_constraint_oid_index","CREATE UNIQUE INDEX pg_constraint_oid_index ON pg_catalog.pg_constraint USING btree (oid)"
"pg_catalog","pg_conversion","pg_conversion_default_index","CREATE UNIQUE INDEX pg_conversion_default_index ON pg_catalog.pg_conversion USING btree (connamespace, conforencoding, contoencoding, oid)"
"pg_catalog","pg_conversion","pg_conversion_name_nsp_index","CREATE UNIQUE INDEX pg_conversion_name_nsp_index ON pg_catalog.pg_conversion USING btree (conname, connamespace)"
"pg_catalog","pg_conversion","pg_conversion_oid_index","CREATE UNIQUE INDEX pg_conversion_oid_index ON pg_catalog.pg_conversion USING btree (oid)"
"pg_catalog","pg_database","pg_database_datname_index","CREATE UNIQUE INDEX pg_database_datname_index ON pg_catalog.pg_database USING btree (datname)"
"pg_catalog","pg_database","pg_database_oid_index","CREATE UNIQUE INDEX pg_database_oid_index ON pg_catalog.pg_database USING btree (oid)"
"pg_catalog","pg_db_role_setting","pg_db_role_setting_databaseid_rol_index","CREATE UNIQUE INDEX pg_db_role_setting_databaseid_rol_index ON pg_catalog.pg_db_role_setting USING btree (setdatabase, setrole)"
"pg_catalog","pg_default_acl","pg_default_acl_oid_index","CREATE UNIQUE INDEX pg_default_acl_oid_index ON pg_catalog.pg_default_acl USING btree (oid)"
"pg_catalog","pg_default_acl","pg_default_acl_role_nsp_obj_index","CREATE UNIQUE INDEX pg_default_acl_role_nsp_obj_index ON pg_catalog.pg_default_acl USING btree (defaclrole, defaclnamespace, defaclobjtype)"
"pg_catalog","pg_depend","pg_depend_depender_index","CREATE INDEX pg_depend_depender_index ON pg_catalog.pg_depend USING btree (classid, objid, objsubid)"
"pg_catalog","pg_depend","pg_depend_reference_index","CREATE INDEX pg_depend_reference_index ON pg_catalog.pg_depend USING btree (refclassid, refobjid, refobjsubid)"
"pg_catalog","pg_description","pg_description_o_c_o_index","CREATE UNIQUE INDEX pg_description_o_c_o_index ON pg_catalog.pg_description USING btree (objoid, classoid, objsubid)"
"pg_catalog","pg_enum","pg_enum_oid_index","CREATE UNIQUE INDEX pg_enum_oid_index ON pg_catalog.pg_enum USING btree (oid)"
"pg_catalog","pg_enum","pg_enum_typid_label_index","CREATE UNIQUE INDEX pg_enum_typid_label_index ON pg_catalog.pg_enum USING btree (enumtypid, enumlabel)"
"pg_catalog","pg_enum","pg_enum_typid_sortorder_index","CREATE UNIQUE INDEX pg_enum_typid_sortorder_index ON pg_catalog.pg_enum USING btree (enumtypid, enumsortorder)"
"pg_catalog","pg_event_trigger","pg_event_trigger_evtname_index","CREATE UNIQUE INDEX pg_event_trigger_evtname_index ON pg_catalog.pg_event_trigger USING btree (evtname)"
"pg_catalog","pg_event_trigger","pg_event_trigger_oid_index","CREATE UNIQUE INDEX pg_event_trigger_oid_index ON pg_catalog.pg_event_trigger USING btree (oid)"
"pg_catalog","pg_extension","pg_extension_name_index","CREATE UNIQUE INDEX pg_extension_name_index ON pg_catalog.pg_extension USING btree (extname)"
"pg_catalog","pg_extension","pg_extension_oid_index","CREATE UNIQUE INDEX pg_extension_oid_index ON pg_catalog.pg_extension USING btree (oid)"
"pg_catalog","pg_foreign_data_wrapper","pg_foreign_data_wrapper_name_index","CREATE UNIQUE INDEX pg_foreign_data_wrapper_name_index ON pg_catalog.pg_foreign_data_wrapper USING btree (fdwname)"
"pg_catalog","pg_foreign_data_wrapper","pg_foreign_data_wrapper_oid_index","CREATE UNIQUE INDEX pg_foreign_data_wrapper_oid_index ON pg_catalog.pg_foreign_data_wrapper USING btree (oid)"
"pg_catalog","pg_foreign_server","pg_foreign_server_name_index","CREATE UNIQUE INDEX pg_foreign_server_name_index ON pg_catalog.pg_foreign_server USING btree (srvname)"
"pg_catalog","pg_foreign_server","pg_foreign_server_oid_index","CREATE UNIQUE INDEX pg_foreign_server_oid_index ON pg_catalog.pg_foreign_server USING btree (oid)"
"pg_catalog","pg_foreign_table","pg_foreign_table_relid_index","CREATE UNIQUE INDEX pg_foreign_table_relid_index ON pg_catalog.pg_foreign_table USING btree (ftrelid)"
"pg_catalog","pg_index","pg_index_indexrelid_index","CREATE UNIQUE INDEX pg_index_indexrelid_index ON pg_catalog.pg_index USING btree (indexrelid)"
"pg_catalog","pg_index","pg_index_indrelid_index","CREATE INDEX pg_index_indrelid_index ON pg_catalog.pg_index USING btree (indrelid)"
"pg_catalog","pg_inherits","pg_inherits_parent_index","CREATE INDEX pg_inherits_parent_index ON pg_catalog.pg_inherits USING btree (inhparent)"
"pg_catalog","pg_inherits","pg_inherits_relid_seqno_index","CREATE UNIQUE INDEX pg_inherits_relid_seqno_index ON pg_catalog.pg_inherits USING btree (inhrelid, inhseqno)"
"pg_catalog","pg_init_privs","pg_init_privs_o_c_o_index","CREATE UNIQUE INDEX pg_init_privs_o_c_o_index ON pg_catalog.pg_init_privs USING btree (objoid, classoid, objsubid)"
"pg_catalog","pg_language","pg_language_name_index","CREATE UNIQUE INDEX pg_language_name_index ON pg_catalog.pg_language USING btree (lanname)"
"pg_catalog","pg_language","pg_language_oid_index","CREATE UNIQUE INDEX pg_language_oid_index ON pg_catalog.pg_language USING btree (oid)"
"pg_catalog","pg_largeobject","pg_largeobject_loid_pn_index","CREATE UNIQUE INDEX pg_largeobject_loid_pn_index ON pg_catalog.pg_largeobject USING btree (loid, pageno)"
"pg_catalog","pg_largeobject_metadata","pg_largeobject_metadata_oid_index","CREATE UNIQUE INDEX pg_largeobject_metadata_oid_index ON pg_catalog.pg_largeobject_metadata USING btree (oid)"
"pg_catalog","pg_namespace","pg_namespace_nspname_index","CREATE UNIQUE INDEX pg_namespace_nspname_index ON pg_catalog.pg_namespace USING btree (nspname)"
"pg_catalog","pg_namespace","pg_namespace_oid_index","CREATE UNIQUE INDEX pg_namespace_oid_index ON pg_catalog.pg_namespace USING btree (oid)"
"pg_catalog","pg_opclass","pg_opclass_am_name_nsp_index","CREATE UNIQUE INDEX pg_opclass_am_name_nsp_index ON pg_catalog.pg_opclass USING btree (opcmethod, opcname, opcnamespace)"
"pg_catalog","pg_opclass","pg_opclass_oid_index","CREATE UNIQUE INDEX pg_opclass_oid_index ON pg_catalog.pg_opclass USING btree (oid)"
"pg_catalog","pg_operator","pg_operator_oid_index","CREATE UNIQUE INDEX pg_operator_oid_index ON pg_catalog.pg_operator USING btree (oid)"
"pg_catalog","pg_operator","pg_operator_oprname_l_r_n_index","CREATE UNIQUE INDEX pg_operator_oprname_l_r_n_index ON pg_catalog.pg_operator USING btree (oprname, oprleft, oprright, oprnamespace)"
"pg_catalog","pg_opfamily","pg_opfamily_am_name_nsp_index","CREATE UNIQUE INDEX pg_opfamily_am_name_nsp_index ON pg_catalog.pg_opfamily USING btree (opfmethod, opfname, opfnamespace)"
"pg_catalog","pg_opfamily","pg_opfamily_oid_index","CREATE UNIQUE INDEX pg_opfamily_oid_index ON pg_catalog.pg_opfamily USING btree (oid)"
"pg_catalog","pg_parameter_acl","pg_parameter_acl_oid_index","CREATE UNIQUE INDEX pg_parameter_acl_oid_index ON pg_catalog.pg_parameter_acl USING btree (oid)"
"pg_catalog","pg_parameter_acl","pg_parameter_acl_parname_index","CREATE UNIQUE INDEX pg_parameter_acl_parname_index ON pg_catalog.pg_parameter_acl USING btree (parname)"
"pg_catalog","pg_partitioned_table","pg_partitioned_table_partrelid_index","CREATE UNIQUE INDEX pg_partitioned_table_partrelid_index ON pg_catalog.pg_partitioned_table USING btree (partrelid)"
"pg_catalog","pg_policy","pg_policy_oid_index","CREATE UNIQUE INDEX pg_policy_oid_index ON pg_catalog.pg_policy USING btree (oid)"
"pg_catalog","pg_policy","pg_policy_polrelid_polname_index","CREATE UNIQUE INDEX pg_policy_polrelid_polname_index ON pg_catalog.pg_policy USING btree (polrelid, polname)"
"pg_catalog","pg_proc","pg_proc_oid_index","CREATE UNIQUE INDEX pg_proc_oid_index ON pg_catalog.pg_proc USING btree (oid)"
"pg_catalog","pg_proc","pg_proc_proname_args_nsp_index","CREATE UNIQUE INDEX pg_proc_proname_args_nsp_index ON pg_catalog.pg_proc USING btree (proname, proargtypes, pronamespace)"
"pg_catalog","pg_publication","pg_publication_oid_index","CREATE UNIQUE INDEX pg_publication_oid_index ON pg_catalog.pg_publication USING btree (oid)"
"pg_catalog","pg_publication","pg_publication_pubname_index","CREATE UNIQUE INDEX pg_publication_pubname_index ON pg_catalog.pg_publication USING btree (pubname)"
"pg_catalog","pg_publication_namespace","pg_publication_namespace_oid_index","CREATE UNIQUE INDEX pg_publication_namespace_oid_index ON pg_catalog.pg_publication_namespace USING btree (oid)"
"pg_catalog","pg_publication_namespace","pg_publication_namespace_pnnspid_pnpubid_index","CREATE UNIQUE INDEX pg_publication_namespace_pnnspid_pnpubid_index ON pg_catalog.pg_publication_namespace USING btree (pnnspid, pnpubid)"
"pg_catalog","pg_publication_rel","pg_publication_rel_oid_index","CREATE UNIQUE INDEX pg_publication_rel_oid_index ON pg_catalog.pg_publication_rel USING btree (oid)"
"pg_catalog","pg_publication_rel","pg_publication_rel_prpubid_index","CREATE INDEX pg_publication_rel_prpubid_index ON pg_catalog.pg_publication_rel USING btree (prpubid)"
"pg_catalog","pg_publication_rel","pg_publication_rel_prrelid_prpubid_index","CREATE UNIQUE INDEX pg_publication_rel_prrelid_prpubid_index ON pg_catalog.pg_publication_rel USING btree (prrelid, prpubid)"
"pg_catalog","pg_range","pg_range_rngmultitypid_index","CREATE UNIQUE INDEX pg_range_rngmultitypid_index ON pg_catalog.pg_range USING btree (rngmultitypid)"
"pg_catalog","pg_range","pg_range_rngtypid_index","CREATE UNIQUE INDEX pg_range_rngtypid_index ON pg_catalog.pg_range USING btree (rngtypid)"
"pg_catalog","pg_replication_origin","pg_replication_origin_roiident_index","CREATE UNIQUE INDEX pg_replication_origin_roiident_index ON pg_catalog.pg_replication_origin USING btree (roident)"
"pg_catalog","pg_replication_origin","pg_replication_origin_roname_index","CREATE UNIQUE INDEX pg_replication_origin_roname_index ON pg_catalog.pg_replication_origin USING btree (roname)"
"pg_catalog","pg_rewrite","pg_rewrite_oid_index","CREATE UNIQUE INDEX pg_rewrite_oid_index ON pg_catalog.pg_rewrite USING btree (oid)"
"pg_catalog","pg_rewrite","pg_rewrite_rel_rulename_index","CREATE UNIQUE INDEX pg_rewrite_rel_rulename_index ON pg_catalog.pg_rewrite USING btree (ev_class, rulename)"
"pg_catalog","pg_seclabel","pg_seclabel_object_index","CREATE UNIQUE INDEX pg_seclabel_object_index ON pg_catalog.pg_seclabel USING btree (objoid, classoid, objsubid, provider)"
"pg_catalog","pg_sequence","pg_sequence_seqrelid_index","CREATE UNIQUE INDEX pg_sequence_seqrelid_index ON pg_catalog.pg_sequence USING btree (seqrelid)"
"pg_catalog","pg_shdepend","pg_shdepend_depender_index","CREATE INDEX pg_shdepend_depender_index ON pg_catalog.pg_shdepend USING btree (dbid, classid, objid, objsubid)"
"pg_catalog","pg_shdepend","pg_shdepend_reference_index","CREATE INDEX pg_shdepend_reference_index ON pg_catalog.pg_shdepend USING btree (refclassid, refobjid)"
"pg_catalog","pg_shdescription","pg_shdescription_o_c_index","CREATE UNIQUE INDEX pg_shdescription_o_c_index ON pg_catalog.pg_shdescription USING btree (objoid, classoid)"
"pg_catalog","pg_shseclabel","pg_shseclabel_object_index","CREATE UNIQUE INDEX pg_shseclabel_object_index ON pg_catalog.pg_shseclabel USING btree (objoid, classoid, provider)"
"pg_catalog","pg_statistic","pg_statistic_relid_att_inh_index","CREATE UNIQUE INDEX pg_statistic_relid_att_inh_index ON pg_catalog.pg_statistic USING btree (starelid, staattnum, stainherit)"
"pg_catalog","pg_statistic_ext","pg_statistic_ext_name_index","CREATE UNIQUE INDEX pg_statistic_ext_name_index ON pg_catalog.pg_statistic_ext USING btree (stxname, stxnamespace)"
"pg_catalog","pg_statistic_ext","pg_statistic_ext_oid_index","CREATE UNIQUE INDEX pg_statistic_ext_oid_index ON pg_catalog.pg_statistic_ext USING btree (oid)"
"pg_catalog","pg_statistic_ext","pg_statistic_ext_relid_index","CREATE INDEX pg_statistic_ext_relid_index ON pg_catalog.pg_statistic_ext USING btree (stxrelid)"
"pg_catalog","pg_statistic_ext_data","pg_statistic_ext_data_stxoid_inh_index","CREATE UNIQUE INDEX pg_statistic_ext_data_stxoid_inh_index ON pg_catalog.pg_statistic_ext_data USING btree (stxoid, stxdinherit)"
"pg_catalog","pg_subscription","pg_subscription_oid_index","CREATE UNIQUE INDEX pg_subscription_oid_index ON pg_catalog.pg_subscription USING btree (oid)"
"pg_catalog","pg_subscription","pg_subscription_subname_index","CREATE UNIQUE INDEX pg_subscription_subname_index ON pg_catalog.pg_subscription USING btree (subdbid, subname)"
"pg_catalog","pg_subscription_rel","pg_subscription_rel_srrelid_srsubid_index","CREATE UNIQUE INDEX pg_subscription_rel_srrelid_srsubid_index ON pg_catalog.pg_subscription_rel USING btree (srrelid, srsubid)"
"pg_catalog","pg_tablespace","pg_tablespace_oid_index","CREATE UNIQUE INDEX pg_tablespace_oid_index ON pg_catalog.pg_tablespace USING btree (oid)"
"pg_catalog","pg_tablespace","pg_tablespace_spcname_index","CREATE UNIQUE INDEX pg_tablespace_spcname_index ON pg_catalog.pg_tablespace USING btree (spcname)"
"pg_catalog","pg_transform","pg_transform_oid_index","CREATE UNIQUE INDEX pg_transform_oid_index ON pg_catalog.pg_transform USING btree (oid)"
"pg_catalog","pg_transform","pg_transform_type_lang_index","CREATE UNIQUE INDEX pg_transform_type_lang_index ON pg_catalog.pg_transform USING btree (trftype, trflang)"
"pg_catalog","pg_trigger","pg_trigger_oid_index","CREATE UNIQUE INDEX pg_trigger_oid_index ON pg_catalog.pg_trigger USING btree (oid)"
"pg_catalog","pg_trigger","pg_trigger_tgconstraint_index","CREATE INDEX pg_trigger_tgconstraint_index ON pg_catalog.pg_trigger USING btree (tgconstraint)"
"pg_catalog","pg_trigger","pg_trigger_tgrelid_tgname_index","CREATE UNIQUE INDEX pg_trigger_tgrelid_tgname_index ON pg_catalog.pg_trigger USING btree (tgrelid, tgname)"
"pg_catalog","pg_ts_config","pg_ts_config_cfgname_index","CREATE UNIQUE INDEX pg_ts_config_cfgname_index ON pg_catalog.pg_ts_config USING btree (cfgname, cfgnamespace)"
"pg_catalog","pg_ts_config","pg_ts_config_oid_index","CREATE UNIQUE INDEX pg_ts_config_oid_index ON pg_catalog.pg_ts_config USING btree (oid)"
"pg_catalog","pg_ts_config_map","pg_ts_config_map_index","CREATE UNIQUE INDEX pg_ts_config_map_index ON pg_catalog.pg_ts_config_map USING btree (mapcfg, maptokentype, mapseqno)"
"pg_catalog","pg_ts_dict","pg_ts_dict_dictname_index","CREATE UNIQUE INDEX pg_ts_dict_dictname_index ON pg_catalog.pg_ts_dict USING btree (dictname, dictnamespace)"
"pg_catalog","pg_ts_dict","pg_ts_dict_oid_index","CREATE UNIQUE INDEX pg_ts_dict_oid_index ON pg_catalog.pg_ts_dict USING btree (oid)"
"pg_catalog","pg_ts_parser","pg_ts_parser_oid_index","CREATE UNIQUE INDEX pg_ts_parser_oid_index ON pg_catalog.pg_ts_parser USING btree (oid)"
"pg_catalog","pg_ts_parser","pg_ts_parser_prsname_index","CREATE UNIQUE INDEX pg_ts_parser_prsname_index ON pg_catalog.pg_ts_parser USING btree (prsname, prsnamespace)"
"pg_catalog","pg_ts_template","pg_ts_template_oid_index","CREATE UNIQUE INDEX pg_ts_template_oid_index ON pg_catalog.pg_ts_template USING btree (oid)"
"pg_catalog","pg_ts_template","pg_ts_template_tmplname_index","CREATE UNIQUE INDEX pg_ts_template_tmplname_index ON pg_catalog.pg_ts_template USING btree (tmplname, tmplnamespace)"
"pg_catalog","pg_type","pg_type_oid_index","CREATE UNIQUE INDEX pg_type_oid_index ON pg_catalog.pg_type USING btree (oid)"
"pg_catalog","pg_type","pg_type_typname_nsp_index","CREATE UNIQUE INDEX pg_type_typname_nsp_index ON pg_catalog.pg_type USING btree (typname, typnamespace)"
"pg_catalog","pg_user_mapping","pg_user_mapping_oid_index","CREATE UNIQUE INDEX pg_user_mapping_oid_index ON pg_catalog.pg_user_mapping USING btree (oid)"
"pg_catalog","pg_user_mapping","pg_user_mapping_user_server_index","CREATE UNIQUE INDEX pg_user_mapping_user_server_index ON pg_catalog.pg_user_mapping USING btree (umuser, umserver)"
"reporting","job_order_items_summary","idx_job_order_items_summary_color_size","CREATE INDEX idx_job_order_items_summary_color_size ON reporting.job_order_items_summary USING btree (color_id, size_id)"
"reporting","job_order_items_summary","idx_job_order_items_summary_completion","CREATE INDEX idx_job_order_items_summary_completion ON reporting.job_order_items_summary USING btree (completion_percentage)"
"reporting","job_order_items_summary","idx_job_order_items_summary_issues","CREATE INDEX idx_job_order_items_summary_issues ON reporting.job_order_items_summary USING btree (has_issues)"
"reporting","job_order_items_summary","idx_job_order_items_summary_job_order","CREATE INDEX idx_job_order_items_summary_job_order ON reporting.job_order_items_summary USING btree (job_order_id)"
"reporting","job_order_items_summary","idx_job_order_items_summary_status","CREATE INDEX idx_job_order_items_summary_status ON reporting.job_order_items_summary USING btree (production_status)"
"reporting","job_order_items_summary","idx_reporting_job_order_items_summary_completion","CREATE INDEX idx_reporting_job_order_items_summary_completion ON reporting.job_order_items_summary USING btree (completion_percentage)"
"reporting","job_order_items_summary","idx_reporting_job_order_items_summary_job_order_id","CREATE INDEX idx_reporting_job_order_items_summary_job_order_id ON reporting.job_order_items_summary USING btree (job_order_id)"
"reporting","job_order_items_summary","idx_reporting_job_order_items_summary_production_status","CREATE INDEX idx_reporting_job_order_items_summary_production_status ON reporting.job_order_items_summary USING btree (production_status)"
"reporting","job_order_items_summary","job_order_items_summary_pkey","CREATE UNIQUE INDEX job_order_items_summary_pkey ON reporting.job_order_items_summary USING btree (item_id)"
"reporting","job_orders_summary","idx_reporting_job_orders_summary_completion","CREATE INDEX idx_reporting_job_orders_summary_completion ON reporting.job_orders_summary USING btree (completion_percentage)"
"reporting","job_orders_summary","idx_reporting_job_orders_summary_has_issues","CREATE INDEX idx_reporting_job_orders_summary_has_issues ON reporting.job_orders_summary USING btree (has_issues)"
"reporting","job_orders_summary","idx_reporting_job_orders_summary_job_order_id","CREATE INDEX idx_reporting_job_orders_summary_job_order_id ON reporting.job_orders_summary USING btree (job_order_id)"
"reporting","job_orders_summary","job_orders_summary_pkey","CREATE UNIQUE INDEX job_orders_summary_pkey ON reporting.job_orders_summary USING btree (job_order_id)"
"wms","aggregation_refresh_queue","aggregation_refresh_queue_created_at_key","CREATE UNIQUE INDEX aggregation_refresh_queue_created_at_key ON wms.aggregation_refresh_queue USING btree (created_at)"
"wms","aggregation_refresh_queue","aggregation_refresh_queue_pkey","CREATE UNIQUE INDEX aggregation_refresh_queue_pkey ON wms.aggregation_refresh_queue USING btree (id)"
"wms","box_aggregations","idx_box_aggregations_barcode","CREATE INDEX idx_box_aggregations_barcode ON wms.box_aggregations USING btree (barcode)"
"wms","box_aggregations","idx_box_aggregations_box_id","CREATE UNIQUE INDEX idx_box_aggregations_box_id ON wms.box_aggregations USING btree (box_id)"
"wms","box_aggregations","idx_box_aggregations_carton_number","CREATE INDEX idx_box_aggregations_carton_number ON wms.box_aggregations USING btree (carton_number)"
"wms","box_aggregations","idx_box_aggregations_client_id","CREATE INDEX idx_box_aggregations_client_id ON wms.box_aggregations USING btree (client_id)"
"wms","box_aggregations","idx_box_aggregations_client_name","CREATE INDEX idx_box_aggregations_client_name ON wms.box_aggregations USING btree (client_name)"
"wms","box_aggregations","idx_box_aggregations_rack_code","CREATE INDEX idx_box_aggregations_rack_code ON wms.box_aggregations USING btree (rack_code)"
"wms","box_aggregations","idx_box_aggregations_rack_id","CREATE INDEX idx_box_aggregations_rack_id ON wms.box_aggregations USING btree (rack_id)"
"wms","box_aggregations","idx_box_aggregations_received","CREATE INDEX idx_box_aggregations_received ON wms.box_aggregations USING btree (received)"
"wms","box_aggregations","idx_box_aggregations_shipment_id","CREATE INDEX idx_box_aggregations_shipment_id ON wms.box_aggregations USING btree (shipment_id)"
"wms","box_contents","box_contents_pkey","CREATE UNIQUE INDEX box_contents_pkey ON wms.box_contents USING btree (id)"
"wms","box_contents","idx_box_contents_box_id","CREATE INDEX idx_box_contents_box_id ON wms.box_contents USING btree (box_id)"
"wms","boxes","boxes_barcode_key","CREATE UNIQUE INDEX boxes_barcode_key ON wms.boxes USING btree (barcode)"
"wms","boxes","boxes_pkey","CREATE UNIQUE INDEX boxes_pkey ON wms.boxes USING btree (id)"
"wms","boxes","idx_boxes_not_received","CREATE INDEX idx_boxes_not_received ON wms.boxes USING btree (id) WHERE (received = false)"
"wms","boxes","idx_boxes_rack_id","CREATE INDEX idx_boxes_rack_id ON wms.boxes USING btree (rack_id)"
"wms","boxes","idx_boxes_received","CREATE INDEX idx_boxes_received ON wms.boxes USING btree (received)"
"wms","logical_locations","logical_locations_name_key","CREATE UNIQUE INDEX logical_locations_name_key ON wms.logical_locations USING btree (name)"
"wms","logical_locations","logical_locations_pkey","CREATE UNIQUE INDEX logical_locations_pkey ON wms.logical_locations USING btree (id)"
"wms","receipt_items","idx_receipt_items_receipt_id","CREATE INDEX idx_receipt_items_receipt_id ON wms.receipt_items USING btree (receipt_id)"
"wms","receipt_items","receipt_items_pkey","CREATE UNIQUE INDEX receipt_items_pkey ON wms.receipt_items USING btree (id)"
"wms","receipts","idx_receipts_closed","CREATE INDEX idx_receipts_closed ON wms.receipts USING btree (closed)"
"wms","receipts","idx_receipts_open","CREATE INDEX idx_receipts_open ON wms.receipts USING btree (id) WHERE (closed = false)"
"wms","receipts","idx_receipts_receipt_type","CREATE INDEX idx_receipts_receipt_type ON wms.receipts USING btree (receipt_type)"
"wms","receipts","idx_receipts_reference_receipt_id","CREATE INDEX idx_receipts_reference_receipt_id ON wms.receipts USING btree (reference_receipt_id)"
"wms","receipts","idx_receipts_status","CREATE INDEX idx_receipts_status ON wms.receipts USING btree (status)"
"wms","receipts","receipts_pkey","CREATE UNIQUE INDEX receipts_pkey ON wms.receipts USING btree (id)"
"wms","single_transactions","idx_single_transactions_transaction_type","CREATE INDEX idx_single_transactions_transaction_type ON wms.single_transactions USING btree (transaction_type)"
"wms","single_transactions","idx_single_transactions_user_id","CREATE INDEX idx_single_transactions_user_id ON wms.single_transactions USING btree (user_id)"
"wms","single_transactions","single_transactions_pkey","CREATE UNIQUE INDEX single_transactions_pkey ON wms.single_transactions USING btree (id)"
"wms","warehouse_racks","idx_warehouse_racks_warehouse_id","CREATE INDEX idx_warehouse_racks_warehouse_id ON wms.warehouse_racks USING btree (warehouse_id)"
"wms","warehouse_racks","warehouse_racks_pkey","CREATE UNIQUE INDEX warehouse_racks_pkey ON wms.warehouse_racks USING btree (id)"
"wms","warehouse_racks","warehouse_racks_warehouse_id_rack_code_key","CREATE UNIQUE INDEX warehouse_racks_warehouse_id_rack_code_key ON wms.warehouse_racks USING btree (warehouse_id, rack_code)"
"wms","warehouses","warehouses_name_key","CREATE UNIQUE INDEX warehouses_name_key ON wms.warehouses USING btree (name)"
"wms","warehouses","warehouses_pkey","CREATE UNIQUE INDEX warehouses_pkey ON wms.warehouses USING btree (id)"
